,accuracy,mse,mae
count,45.0,45.0,45.0
mean,69.84038408215204,137.2498148148148,9.365333333333334
std,18.773584839675227,150.72439224348597,5.864083955002106
min,23.184052418153918,11.863333333333333,2.7716666666666665
25%,56.88461352783999,31.471666666666668,4.706666666666667
50%,73.49278437549555,81.81083333333333,7.9816666666666665
75%,85.18789655315325,201.08,13.466666666666667
max,91.02322985539082,611.1,23.953333333333333
