,accuracy,mse,mae
count,66.0,66.0,66.0
mean,57.75048636545304,7118.420025252525,40.896363636363624
std,32.19089114707732,19909.217225475426,74.24395033451738
min,0.0,11.563333333333333,2.6633333333333336
25%,40.481144909118356,33.601875,4.7804166666666665
50%,68.10954989236538,116.1375,10.026666666666667
75%,84.53399153064233,371.39395833333333,18.57625
max,91.35802567680794,135819.05666666667,368.47
