,accuracy,mse,mae
count,66.0,66.0,66.0
mean,74.91762200088212,2149.6664179310656,12.962596326163322
std,18.36567740606817,16707.287583073925,44.70395509920644
min,0.0,12.202677726745605,2.7358460426330566
25%,69.1179096698761,24.96346092224121,4.075330018997192
50%,81.1321496963501,48.42199516296387,6.008465766906738
75%,87.22884953022003,109.48000907897949,9.722635507583618
max,91.07580780982971,135819.0625,368.4700012207031
