,accuracy,mse,mae
count,45.0,45.0,45.0
mean,74.41724412971072,106.81662847730848,7.973422076967028
std,17.59537466243303,139.4042357204424,5.489180354437926
min,23.184052109718323,10.760200500488281,2.605663776397705
25%,66.09325408935547,20.541255950927734,3.690040349960327
50%,79.9548327922821,51.836700439453125,6.350453853607178
75%,88.422030210495,128.6247100830078,10.617090225219727
max,91.4033591747284,611.0999755859375,23.953332901000977
